,_id,price,type,title,mobile,address,city,age,url,rooms,bathrooms,m2,elevator,floor,balcony,terrace,heating,air_conditioning,parking,pool,id,transfer_taxes,insurance,ibi,community,maintenance,costs,amount_to_pay,total_mortgage,monthly_mortgage,incomes,rentability
1822,6407a7facafadec71424db38,130000,Piso,Piso con terraza en Ciudad Monumental,912 173 367,Ciudad Monumental,Cáceres Capital,8,/es/comprar/vivienda/caceres-capital/calefaccion-jardin-terraza-patio/176938711/d?from=list,8,3,530,No,0,No,No,No,No,No,No,1893,13000.0,1275.0,795.0,121.3,230.0,201.775,30000,45917.33338822729,127.54814830063138,3180.0,34.208122220392426
4180,6407a7facafadec71424e46e,30200,Piso,Piso con 1 baño en La Cañada,952 146 148,La Cañada,Cáceres Capital,101,/es/comprar/vivienda/caceres-capital/la-canada/165699919/d?from=list,0,1,86,No,0,No,No,No,No,No,No,4251,3020.0,165.0,129.0,11.52,169.8,39.61,0,0.0,0.0,600.0,20.242865743527997
3529,6407a7facafadec71424e1e3,35000,Casa o chalet,"Casa o chalet con 1 baño en Danubio, La Cañada",911 228 034,La Cañada,Cáceres Capital,7,/es/comprar/vivienda/caceres-capital/la-canada/162476262/d?from=list,3,1,65,No,0,No,No,No,No,No,No,3600,3500.0,112.5,97.5,16.8,165.0,32.65,0,0.0,0.0,616.0,18.182337662337662
4264,6407a7facafadec71424e4c2,39000,Piso,Piso con terraza en La Cañada,927 920 167,La Cañada,Cáceres Capital,1,/es/comprar/vivienda/caceres-capital/calefaccion-parking-terraza-trastero-no-amueblado/159708650/d?from=list,3,1,70,No,2,No,Yes,No,No,No,No,4335,3900.0,125.0,105.0,21.200000000000006,161.0,34.35,0,0.0,0.0,665.0,17.64055944055944
1792,6407a7facafadec71424db1a,119900,Casa o chalet,Casa o chalet con terraza en Ciudad Monumental,927 131 359,Ciudad Monumental,Cáceres Capital,20,/es/comprar/vivienda/caceres-capital/jardin-terraza-patio/176237792/d?from=list,8,2,265,No,0,No,No,No,No,No,No,1863,11990.0,612.5,397.5,110.19000000000001,219.9,111.67416666666668,19900,30458.497814190774,84.60693837275215,1590.0,16.724626739526975
3527,6407a7facafadec71424e1e1,43500,Piso,Piso con 2 baños en La Cañada,910 306 185,La Cañada,Cáceres Capital,1,/es/comprar/vivienda/caceres-capital/parking/176642111/d?from=list,4,2,93,No,0,No,No,No,No,No,No,3598,4350.0,182.5,139.5,26.150000000000002,156.5,42.05416666666667,0,0.0,0.0,658.0,15.446917450365728
2973,6407a7facafadec71424dfb7,150000,Casa o chalet,Casa o chalet con 2 baños en Ciudad Monumental,927 130 862,Ciudad Monumental,Cáceres Capital,0,/es/comprar/vivienda/caceres-capital/ciudad-monumental/161345153/d?from=list,3,2,264,No,0,No,No,No,No,No,No,3044,15000.0,610.0,396.0,143.3,250.0,116.60833333333333,50000,76528.88898037882,212.58024716771897,1584.0,15.057737033987372
4626,6407a7facafadec71424e62c,47000,Piso,"Piso con terraza en General Margallo, Ciudad Monumental",911 228 034,Ciudad Monumental,Cáceres Capital,27,/es/comprar/vivienda/caceres-capital/terraza/162477117/d?from=list,1,1,68,No,2,No,Yes,No,No,No,No,4697,4700.0,120.0,102.0,30.000000000000004,153.0,33.75,0,0.0,0.0,657.0,14.466150870406189
1836,6407a7facafadec71424db46,150000,Casa o chalet,Casa o chalet con 1 baño en Ciudad Monumental,927 130 862,Ciudad Monumental,Cáceres Capital,98,/es/comprar/vivienda/caceres-capital/ciudad-monumental/164347488/d?from=list,3,1,251,No,0,No,No,No,No,No,No,1907,15000.0,577.5,376.5,143.3,250.0,112.27499999999999,50000,76528.88898037882,212.58024716771897,1506.0,14.173737033987372
4672,6407a7facafadec71424e65a,53000,Piso,"Piso con terraza en Santa Lucia, La Cañada",911 228 034,La Cañada,Cáceres Capital,7,/es/comprar/vivienda/caceres-capital/jardin-terraza-ascensor/162477963/d?from=list,3,2,102,Yes,1,No,No,No,No,No,No,4743,5300.0,205.0,153.0,46.60000000000001,153.0,46.46666666666667,0,0.0,0.0,638.5,12.185934819897083
26,6407a7facafadec71424d434,59000,Piso,"Piso con terraza en Calle Donoso Cortés, Ciudad Monumental",927 926 041,Ciudad Monumental,Cáceres Capital,26,/es/comprar/vivienda/caceres-capital/terraza-amueblado-se-aceptan-mascotas-internet/156424858/d?from=list,3,1,117,No,0,No,No,No,No,No,No,28,5900.0,242.5,175.5,43.2,159.0,51.68333333333334,0,0.0,0.0,702.0,12.024345146379044
2934,6407a7facafadec71424df90,56000,Casa o chalet,Casa o chalet con 1 baño en Ciudad Monumental,924 150 618,Ciudad Monumental,Cáceres Capital,0,/es/comprar/vivienda/caceres-capital/ciudad-monumental/176803410/d?from=list,4,1,110,No,0,No,No,No,No,No,No,3005,5600.0,225.0,165.0,39.900000000000006,156.0,48.824999999999996,0,0.0,0.0,660.0,11.906006493506492
873,6407a7facafadec71424d783,55000,Casa o chalet,"Casa o chalet con 1 baño en Calle Nidos, Ciudad Monumental",927 134 079,Ciudad Monumental,Cáceres Capital,167,/es/comprar/vivienda/caceres-capital/ciudad-monumental/164893551/d?from=list,3,1,75,No,0,No,No,No,No,No,No,932,5500.0,137.5,112.5,38.80000000000001,155.0,36.983333333333334,0,0.0,0.0,616.0,11.484628099173554
1812,6407a7facafadec71424db2e,120000,Casa o chalet,"Casa o chalet con terraza en Calle Villalobos, Ciudad Monumental",927 920 854,Ciudad Monumental,Cáceres Capital,104,/es/comprar/vivienda/caceres-capital/parking-terraza-patio/163157629/d?from=list,0,0,258,No,0,No,Yes,No,No,No,No,1883,12000.0,595.0,387.0,110.3,220.0,109.35833333333333,20000,30611.55559215153,85.03209886708758,1131.0,11.239314813594948
16,6407a7facafadec71424d42a,59260,Piso,Piso con 1 baño en Nuevo Cáceres,924 150 618,Nuevo Cáceres,Cáceres Capital,11,/es/comprar/vivienda/caceres-capital/nuevo-caceres/176925780/d?from=list,3,1,66,No,0,No,No,No,No,No,No,16,5926.0,115.0,99.0,43.486000000000004,159.26,34.728833333333334,0,0.0,0.0,616.0,10.700539993250084
3135,6407a7facafadec71424e059,59000,Casa o chalet,Casa o chalet con 2 baños en Nuevo Cáceres,927 135 081,Nuevo Cáceres,Cáceres Capital,0,/es/comprar/vivienda/caceres-capital/trastero/176657596/d?from=list,3,2,91,No,0,No,No,No,No,No,No,3206,5900.0,177.5,136.5,43.2,159.0,43.01666666666667,0,0.0,0.0,616.0,10.594453004622496
1790,6407a7facafadec71424db18,60000,Piso,Piso con terraza en Nuevo Cáceres,927 920 478,Nuevo Cáceres,Cáceres Capital,27,/es/comprar/vivienda/caceres-capital/aire-acondicionado-calefaccion-terraza-no-amueblado/176725718/d?from=list,3,1,62,No,0,No,No,No,No,No,No,1861,6000.0,105.0,93.0,44.3,160.0,33.525,0,0.0,0.0,616.0,10.590454545454547
4158,6407a7facafadec71424e458,60000,Estudio,Estudio con calefacción en Aguas Vivas - La Zambomba,927 920 167,Aguas Vivas - La Zambomba,Cáceres Capital,1,/es/comprar/vivienda/caceres-capital/aire-acondicionado-calefaccion/159554821/d?from=list,1,1,40,No,0,No,No,Yes,Yes,No,No,4229,6000.0,150.0,60.0,44.3,160.0,34.525,0,0.0,0.0,600.0,10.281363636363636
3558,6407a7facafadec71424e200,63000,Piso,Piso con aire acondicionado en Nuevo Cáceres,927 920 167,Nuevo Cáceres,Cáceres Capital,1,/es/comprar/vivienda/caceres-capital/aire-acondicionado-patio/163821828/d?from=list,3,1,70,No,3,No,No,No,Yes,No,No,3629,6300.0,125.0,105.0,47.599999999999994,163.0,36.71666666666667,0,0.0,0.0,616.0,10.03088023088023
4069,6407a7facafadec71424e3ff,64000,Piso,"Piso con aire acondicionado en Avenida de Cervantes, Nuevo Cáceres",927 920 783,Nuevo Cáceres,Cáceres Capital,1,/es/comprar/vivienda/caceres-capital/aire-acondicionado-amueblado-internet/177023540/d?from=list,3,1,70,No,0,No,No,No,Yes,No,No,4140,6400.0,125.0,105.0,48.7,164.0,36.891666666666666,0,0.0,0.0,616.0,9.871164772727273
702,6407a7facafadec71424d6d8,69900,Piso,Piso con ascensor en Centro,927 136 129,Centro,Cáceres Capital,35,/es/comprar/vivienda/caceres-capital/aire-acondicionado-ascensor/161221317/d?from=list,3,1,70,No,0,No,No,No,No,No,No,752,6990.0,125.0,105.0,55.19,169.9,37.92416666666667,0,0.0,0.0,670.0,9.864624788659123
3136,6407a7facafadec71424e05a,70000,Casa o chalet,Casa o chalet con 1 baño en Centro,927 920 167,Centro,Cáceres Capital,4,/es/comprar/vivienda/caceres-capital/centro/163114412/d?from=list,3,1,78,No,0,No,No,No,No,No,No,3207,7000.0,145.0,117.0,55.3,170.0,40.608333333333334,0,0.0,0.0,670.0,9.8087012987013
2935,6407a7facafadec71424df91,64900,Piso,Piso con 2 baños en Centro,927 920 675,Centro,Cáceres Capital,0,/es/comprar/vivienda/caceres-capital/centro/176135123/d?from=list,2,2,65,No,1,No,No,No,No,No,No,3006,6490.0,112.5,97.5,49.69,164.9,35.3825,0,0.0,0.0,617.0,9.776453284773776
2421,6407a7facafadec71424dd8f,75000,Piso,Piso con terraza en Centro,927 920 167,Centro,Cáceres Capital,0,/es/comprar/vivienda/caceres-capital/terraza/162734352/d?from=list,3,1,85,No,0,No,Yes,No,No,No,No,2492,7500.0,162.5,127.5,60.8,175.0,43.81666666666666,0,0.0,0.0,715.5,9.769939393939394
3028,6407a7facafadec71424dfee,68500,Casa o chalet,"Casa o chalet en Calle Villamiel, La Cañada",924 926 346,La Cañada,Cáceres Capital,56,/es/comprar/vivienda/caceres-capital/parking-trastero-patio/176349866/d?from=list,4,2,98,No,0,No,No,No,No,No,No,3099,6850.0,195.0,147.0,53.650000000000006,168.5,47.012499999999996,0,0.0,0.0,658.0,9.730391506303915
4235,6407a7facafadec71424e4a5,72000,Piso,Piso con terraza en Ciudad Monumental,927 920 167,Ciudad Monumental,Cáceres Capital,1,/es/comprar/vivienda/caceres-capital/aire-acondicionado-terraza/160489007/d?from=list,4,1,90,No,1,No,Yes,No,No,No,No,4306,7200.0,175.0,135.0,57.5,172.0,44.958333333333336,0,0.0,0.0,686.0,9.712752525252526
3499,6407a7facafadec71424e1c5,65000,Piso,Piso con 1 baño en Nuevo Cáceres,927 920 171,Nuevo Cáceres,Cáceres Capital,56,/es/comprar/vivienda/caceres-capital/nuevo-caceres/176347843/d?from=list,3,1,85,No,1,No,No,No,No,No,No,3570,6500.0,162.5,127.5,49.8,165.0,42.06666666666667,0,0.0,0.0,616.0,9.632447552447552
3645,6407a7facafadec71424e257,67000,Piso,Piso con ascensor en La Cañada,924 150 618,La Cañada,Cáceres Capital,1,/es/comprar/vivienda/caceres-capital/ascensor-amueblado/177020058/d?from=list,3,1,97,Yes,1,No,No,No,No,No,No,3716,6700.0,192.5,145.5,62.0,167.0,47.25,0,0.0,0.0,638.5,9.62686567164179
3518,6407a7facafadec71424e1d8,67000,Piso,Piso con ascensor en La Cañada,924 150 618,La Cañada,Cáceres Capital,7,/es/comprar/vivienda/caceres-capital/ascensor/176114235/d?from=list,2,1,68,Yes,1,No,No,No,No,No,No,3589,6700.0,120.0,102.0,62.0,167.0,37.583333333333336,0,0.0,0.0,622.0,9.515603799185888
3510,6407a7facafadec71424e1d0,68000,Casa o chalet,"Casa o chalet con 1 baño en Castaño, Nuevo Cáceres",927 920 179,Nuevo Cáceres,Cáceres Capital,0,/es/comprar/vivienda/caceres-capital/jardin-amueblado/176305677/d?from=list,3,1,78,No,0,No,No,No,No,No,No,3581,6800.0,145.0,117.0,53.10000000000001,168.0,40.25833333333333,0,0.0,0.0,616.0,9.236497326203208
1429,6407a7facafadec71424d9af,68000,Casa o chalet,"Casa o chalet con 1 baño en Castaño, Nuevo Cáceres",927 920 916,Nuevo Cáceres,Cáceres Capital,5,/es/comprar/vivienda/caceres-capital/patio/176975615/d?from=list,3,1,80,No,0,No,No,No,No,No,No,1500,6800.0,150.0,120.0,53.10000000000001,168.0,40.925000000000004,0,0.0,0.0,616.0,9.225802139037434
2942,6407a7facafadec71424df98,89900,Casa o chalet,Casa o chalet con terraza en Aguas Vivas - La Zambomba,927 131 359,Aguas Vivas - La Zambomba,Cáceres Capital,0,/es/comprar/vivienda/caceres-capital/terraza-patio/162520273/d?from=list,4,1,155,No,0,No,Yes,No,No,No,No,3013,8990.0,337.5,232.5,77.19,189.9,69.75750000000001,0,0.0,0.0,822.0,9.12823339063606
4207,6407a7facafadec71424e489,75000,Piso,Piso con terraza en Nuevo Cáceres,927 920 167,Nuevo Cáceres,Cáceres Capital,13,/es/comprar/vivienda/caceres-capital/aire-acondicionado-terraza/163702114/d?from=list,3,1,80,No,2,No,Yes,No,No,No,No,4278,7500.0,150.0,120.0,60.8,175.0,42.15,0,0.0,0.0,665.0,9.059636363636365
4658,6407a7facafadec71424e64c,75000,Piso,Piso con terraza en Ciudad Monumental,927 920 167,Ciudad Monumental,Cáceres Capital,1,/es/comprar/vivienda/caceres-capital/terraza-no-amueblado/159708664/d?from=list,3,1,105,No,2,No,Yes,No,No,No,No,4729,7500.0,212.5,157.5,60.8,175.0,50.48333333333333,0,0.0,0.0,672.0,9.040242424242424
2930,6407a7facafadec71424df8c,77260,Piso,Piso con terraza en Centro,924 150 618,Centro,Cáceres Capital,0,/es/comprar/vivienda/caceres-capital/aire-acondicionado-terraza-ascensor/176971499/d?from=list,3,2,86,Yes,4,No,No,No,No,No,No,3001,7726.0,165.0,129.0,73.286,177.26,45.37883333333334,0,0.0,0.0,670.5,8.82669380839197
4833,6407a7facafadec71424e6fb,77400,Piso,"Piso en Av de la Bondad, Centro",910 304 295,Centro,Cáceres Capital,5,/es/comprar/vivienda/caceres-capital/centro/176600231/d?from=list,3,2,97,No,0,No,No,No,No,No,No,4904,7740.0,192.5,145.5,63.44,177.4,48.23666666666667,0,0.0,0.0,670.0,8.763401456424711
20,6407a7facafadec71424d42e,149900,Casa adosada,"Casa adosada en Calle las Margaritas, 18, Mejostilla",927 926 041,Mejostilla,Cáceres Capital,0,/es/comprar/vivienda/caceres-capital/aire-acondicionado-calefaccion-parking-jardin-terraza-trastero-patio-amueblado-no-amueblado/176911973/d?from=list,4,2,171,No,0,No,No,No,No,No,No,20,14990.0,377.5,256.5,143.19000000000003,249.9,85.59083333333335,49900,76375.83120241808,212.15508667338352,1026.0,8.739048959919398
24,6407a7facafadec71424d432,100000,Piso,Piso con terraza en Centro,927 920 171,Centro,Cáceres Capital,0,/es/comprar/vivienda/caceres-capital/calefaccion-terraza/176622567/d?from=list,5,2,130,No,0,No,No,No,No,No,No,25,10000.0,275.0,195.0,88.3,200.0,63.19166666666666,0,0.0,0.0,780.0,8.601700000000001
4776,6407a7facafadec71424e6c2,69500,Apartamento,"Apartamento en Calle Fuente Concejo, Ciudad Monumental",927 920 589,Ciudad Monumental,Cáceres Capital,13,/es/comprar/vivienda/caceres-capital/zona-comunitaria-patio-amueblado-television-piscina/163345418/d?from=list,2,1,50,No,1,No,No,No,No,No,No,4847,6950.0,125.0,75.0,54.75,169.5,35.354166666666664,0,0.0,0.0,583.0,8.59614126880314
4628,6407a7facafadec71424e62e,78000,Apartamento,Apartamento con terraza en Ciudad Monumental,927 920 167,Ciudad Monumental,Cáceres Capital,1,/es/comprar/vivienda/caceres-capital/aire-acondicionado-terraza-patio/155723090/d?from=list,2,1,56,No,0,No,Yes,No,Yes,No,No,4699,7800.0,110.0,84.0,64.10000000000001,178.0,36.34166666666667,0,0.0,0.0,648.5,8.561655011655011
3644,6407a7facafadec71424e256,130000,Piso,Piso con terraza en Ciudad Monumental,927 920 167,Ciudad Monumental,Cáceres Capital,8,/es/comprar/vivienda/caceres-capital/calefaccion-terraza-no-amueblado/176135023/d?from=list,5,2,190,No,0,No,Yes,Yes,No,No,No,3715,13000.0,425.0,285.0,121.3,230.0,88.44166666666666,30000,45917.33338822729,127.54814830063138,927.0,8.532122220392422
2567,6407a7facafadec71424de21,74000,Casa adosada,"Casa adosada con 1 baño en Castaño, Nuevo Cáceres",927 920 486,Nuevo Cáceres,Cáceres Capital,0,/es/comprar/vivienda/caceres-capital/nuevo-caceres/165736338/d?from=list,3,1,80,No,0,No,No,No,No,No,No,2638,7400.0,150.0,120.0,59.7,174.0,41.975,0,0.0,0.0,616.0,8.462285012285012
1890,6407a7facafadec71424db7c,79000,Piso,Piso con ascensor en La Cañada,927 920 764,La Cañada,Cáceres Capital,0,/es/comprar/vivienda/caceres-capital/aire-acondicionado-parking-ascensor/165357915/d?from=list,4,2,90,Yes,0,No,No,No,Yes,No,No,1961,7900.0,175.0,135.0,75.2,179.0,47.01666666666667,0,0.0,0.0,659.5,8.45776754890679
1320,6407a7facafadec71424d942,118000,Casa o chalet,Casa o chalet con terraza en Mejostilla,927 920 764,Mejostilla,Cáceres Capital,74,/es/comprar/vivienda/caceres-capital/aire-acondicionado-terraza/165324903/d?from=list,6,2,140,No,0,No,No,No,No,No,No,1391,11800.0,300.0,210.0,108.10000000000001,218.0,69.675,18000,27550.400032936373,76.52888898037882,840.0,8.325553332235454
1235,6407a7facafadec71424d8ed,82000,Piso,"Piso con terraza en Medico Sorapan, Centro",927 920 916,Centro,Cáceres Capital,5,/es/comprar/vivienda/caceres-capital/aire-acondicionado-calefaccion-terraza-ascensor-amueblado/176975605/d?from=list,3,1,90,No,0,No,No,No,No,No,No,1306,8200.0,175.0,135.0,68.5,182.0,46.708333333333336,0,0.0,0.0,670.0,8.292128603104212
2509,6407a7facafadec71424dde7,82000,Piso,Piso con calefacción en Centro,927 920 179,Centro,Cáceres Capital,0,/es/comprar/vivienda/caceres-capital/aire-acondicionado-calefaccion-zona-comunitaria-amueblado/165388232/d?from=list,3,2,100,No,0,No,No,Yes,Yes,No,No,2580,8200.0,200.0,150.0,68.5,182.0,50.041666666666664,0,0.0,0.0,670.0,8.247782705099779
4181,6407a7facafadec71424e46f,83000,Piso,Piso con terraza en Centro,927 920 764,Centro,Cáceres Capital,52,/es/comprar/vivienda/caceres-capital/terraza-ascensor/176416280/d?from=list,3,1,80,Yes,4,No,No,No,No,No,No,4252,8300.0,150.0,120.0,79.60000000000001,183.0,44.38333333333333,0,0.0,0.0,670.5,8.229353778751369
2365,6407a7facafadec71424dd57,81700,Piso,"Piso en Calle Gonzalo Mingo, 7, Mejostilla",927 920 478,Mejostilla,Cáceres Capital,0,/es/comprar/vivienda/caceres-capital/aire-acondicionado-calefaccion-parking-trastero-amueblado-parking/164662101/d?from=list,3,1,85,No,0,No,No,Yes,No,Yes,No,2436,8170.0,162.5,127.5,68.17,181.7,44.98916666666667,0,0.0,0.0,652.0,8.10518526760877
4118,6407a7facafadec71424e430,79500,Piso,Piso con terraza en Nuevo Cáceres,914 893 781,Nuevo Cáceres,Cáceres Capital,78,/es/comprar/vivienda/caceres-capital/terraza-ascensor-no-amueblado/176186498/d?from=list,3,2,101,Yes,0,No,No,No,No,No,No,4189,7950.0,202.5,151.5,75.75,179.5,50.770833333333336,0,0.0,0.0,638.5,8.064894225271583
1938,6407a7facafadec71424dbac,79500,Piso,Piso con ascensor en Nuevo Cáceres,910 306 185,Nuevo Cáceres,Cáceres Capital,0,/es/comprar/vivienda/caceres-capital/ascensor/176642727/d?from=list,3,2,101,Yes,0,No,No,No,No,No,No,2009,7950.0,202.5,151.5,75.75,179.5,50.770833333333336,0,0.0,0.0,638.5,8.064894225271583
4119,6407a7facafadec71424e431,124500,Casa o chalet,Casa o chalet con 2 baños en Nuevo Cáceres,910 306 185,Nuevo Cáceres,Cáceres Capital,1,/es/comprar/vivienda/caceres-capital/parking/176643210/d?from=list,2,2,141,No,0,No,No,No,No,No,No,4190,12450.0,302.5,211.5,115.25000000000001,224.5,71.14583333333333,24500,37499.155600385624,104.1643211121823,846.0,8.048278146653812
2959,6407a7facafadec71424dfa9,78950,Piso,"Piso con ascensor en Avenida de la Bondad, Nuevo Cáceres",927 926 041,Nuevo Cáceres,Cáceres Capital,0,/es/comprar/vivienda/caceres-capital/calefaccion-ascensor-amueblado-internet-no-amueblado/165605474/d?from=list,2,1,77,Yes,0,No,No,Yes,No,No,No,3030,7895.0,142.5,115.5,75.145,178.95,42.67458333333334,0,0.0,0.0,622.0,8.004957107490357
3503,6407a7facafadec71424e1c9,95000,Piso,Piso con terraza en Centro,927 920 847,Centro,Cáceres Capital,48,/es/comprar/vivienda/caceres-capital/calefaccion-terraza/176100800/d?from=list,3,1,105,No,2,No,Yes,No,No,No,No,3574,9500.0,212.5,157.5,82.8,195.0,53.98333333333333,0,0.0,0.0,715.5,7.938199999999999
2420,6407a7facafadec71424dd8e,82000,Piso,Piso con ascensor en Nuevo Cáceres,927 135 081,Nuevo Cáceres,Cáceres Capital,0,/es/comprar/vivienda/caceres-capital/aire-acondicionado-ascensor/160035329/d?from=list,3,1,80,Yes,3,No,No,No,No,No,No,2491,8200.0,150.0,120.0,78.5,182.0,44.208333333333336,0,0.0,0.0,638.5,7.906319290465631
2483,6407a7facafadec71424ddcd,80000,Piso,Piso con aire acondicionado en Nuevo Cáceres,927 920 847,Nuevo Cáceres,Cáceres Capital,0,/es/comprar/vivienda/caceres-capital/aire-acondicionado/176100666/d?from=list,3,1,75,No,0,No,No,No,Yes,No,No,2554,8000.0,137.5,112.5,66.3,180.0,41.358333333333334,0,0.0,0.0,616.0,7.836022727272727
2941,6407a7facafadec71424df97,90000,Casa o chalet,Casa o chalet con terraza en La Cañada,924 150 618,La Cañada,Cáceres Capital,0,/es/comprar/vivienda/caceres-capital/calefaccion-parking-terraza/162785520/d?from=list,5,2,115,No,0,No,Yes,Yes,No,No,No,3012,9000.0,237.5,172.5,77.3,190.0,56.44166666666666,0,0.0,0.0,702.0,7.824949494949496
2390,6407a7facafadec71424dd70,95000,Piso,Piso con terraza en Centro,927 136 129,Centro,Cáceres Capital,0,/es/comprar/vivienda/caceres-capital/aire-acondicionado-terraza/162381348/d?from=list,2,1,66,No,2,No,Yes,No,No,No,No,2461,9500.0,115.0,99.0,82.8,195.0,40.983333333333334,0,0.0,0.0,689.0,7.776199999999999
1940,6407a7facafadec71424dbae,89000,Piso,"Piso en Ronda de San Francisco, 4, Nuevo Cáceres",927 920 478,Nuevo Cáceres,Cáceres Capital,0,/es/comprar/vivienda/caceres-capital/calefaccion-terraza-ascensor-internet-no-amueblado/176681649/d?from=list,3,2,73,Yes,0,No,Yes,No,No,No,No,2011,8900.0,132.5,109.5,86.2,189.0,43.1,0,0.0,0.0,676.25,7.760776302349336
848,6407a7facafadec71424d76a,78000,Piso,"Piso en Calle Fuente Santa, 17, La Cañada",927 920 589,La Cañada,Cáceres Capital,13,/es/comprar/vivienda/caceres-capital/la-canada/162810156/d?from=list,0,0,90,No,1,No,No,No,No,No,No,906,7800.0,175.0,135.0,64.10000000000001,178.0,46.00833333333333,0,0.0,0.0,600.0,7.748135198135198
3674,6407a7facafadec71424e274,88000,Piso,Piso con terraza en La Cañada,927 920 167,La Cañada,Cáceres Capital,1,/es/comprar/vivienda/caceres-capital/aire-acondicionado-calefaccion-parking-terraza/165592032/d?from=list,3,2,81,No,4,No,Yes,No,No,No,No,3745,8800.0,152.5,121.5,75.10000000000001,188.0,44.75833333333333,0,0.0,0.0,665.0,7.688946280991734
2929,6407a7facafadec71424df8b,89000,Piso,"Piso con ascensor en Calle Argentina, Centro",927 134 079,Centro,Cáceres Capital,0,/es/comprar/vivienda/caceres-capital/trastero-ascensor/164157109/d?from=list,3,1,80,Yes,0,No,No,No,No,No,No,3000,8900.0,150.0,120.0,86.2,189.0,45.43333333333334,0,0.0,0.0,670.5,7.661695607763022
2460,6407a7facafadec71424ddb6,108000,Piso,Piso con terraza en Centro,927 130 862,Centro,Cáceres Capital,0,/es/comprar/vivienda/caceres-capital/terraza-ascensor/161345124/d?from=list,3,1,86,Yes,0,No,Yes,No,No,No,No,2531,10800.0,165.0,129.0,107.10000000000001,208.0,50.75833333333333,8000,12244.62223686061,34.01283954683503,715.75,7.5717459254379795
2372,6407a7facafadec71424dd5e,85000,Piso,Piso con terraza en La Cañada,927 136 129,La Cañada,Cáceres Capital,0,/es/comprar/vivienda/caceres-capital/aire-acondicionado-calefaccion-terraza-ascensor/153063074/d?from=list,3,2,100,Yes,3,No,No,No,No,No,No,2443,8500.0,200.0,150.0,81.8,185.0,51.4,0,0.0,0.0,638.5,7.534973262032087
1939,6407a7facafadec71424dbad,88000,Apartamento,Apartamento con terraza en Ciudad Monumental,927 136 129,Ciudad Monumental,Cáceres Capital,0,/es/comprar/vivienda/caceres-capital/calefaccion-terraza-trastero-amueblado/148003580/d?from=list,2,1,70,No,2,No,Yes,No,No,No,No,2010,8800.0,125.0,105.0,75.10000000000001,188.0,41.09166666666667,0,0.0,0.0,648.5,7.529855371900826
3673,6407a7facafadec71424e273,88000,Piso,"Piso en Avda de la Hispanidad, Nuevo Cáceres",910 304 295,Nuevo Cáceres,Cáceres Capital,5,/es/comprar/vivienda/caceres-capital/nuevo-caceres/176597047/d?from=list,4,2,110,No,0,No,No,No,No,No,No,3744,8800.0,225.0,165.0,75.10000000000001,188.0,54.425000000000004,0,0.0,0.0,660.0,7.5071280991735545
4639,6407a7facafadec71424e639,116000,Piso,Piso en Centro,952 146 148,Centro,Cáceres Capital,263,/es/comprar/vivienda/caceres-capital/centro/163897789/d?from=list,0,0,126,No,0,No,No,No,No,No,No,4710,11600.0,265.0,189.0,105.9,216.0,64.65833333333333,16000,24489.24447372122,68.02567909367006,756.0,7.4797918508759595
3541,6407a7facafadec71424e1ef,90000,Piso,Piso con terraza en Mejostilla,927 920 167,Mejostilla,Cáceres Capital,16,/es/comprar/vivienda/caceres-capital/terraza-amueblado/159708787/d?from=list,3,2,90,No,2,No,Yes,No,No,No,No,3612,9000.0,175.0,135.0,77.3,190.0,48.10833333333333,0,0.0,0.0,665.0,7.477474747474747
1,6407a7facafadec71424d41b,99000,Piso,Piso con terraza en Ciudad Monumental,924 150 618,Ciudad Monumental,Cáceres Capital,0,/es/comprar/vivienda/caceres-capital/aire-acondicionado-calefaccion-terraza/176991939/d?from=list,2,1,107,No,1,No,Yes,Yes,No,No,No,1,9900.0,217.5,160.5,87.2,199.0,55.35,0,0.0,0.0,678.0,7.471799999999999
3576,6407a7facafadec71424e212,79000,Apartamento,Apartamento con calefacción en Nuevo Cáceres,927 920 167,Nuevo Cáceres,Cáceres Capital,1,/es/comprar/vivienda/caceres-capital/calefaccion/165079431/d?from=list,2,1,80,No,0,No,No,Yes,No,No,No,3647,7900.0,150.0,120.0,65.2,179.0,42.85,0,0.0,0.0,583.0,7.45891829689298
1803,6407a7facafadec71424db25,95000,Piso,"Piso con terraza en Medico Sorapan, Centro",927 920 916,Centro,Cáceres Capital,5,/es/comprar/vivienda/caceres-capital/aire-acondicionado-calefaccion-terraza-trastero-ascensor/176975585/d?from=list,3,1,90,No,0,No,No,No,No,No,No,1874,9500.0,175.0,135.0,82.8,195.0,48.98333333333333,0,0.0,0.0,670.0,7.4522
1345,6407a7facafadec71424d95b,95000,Ático,Ático con terraza en Centro,927 920 675,Centro,Cáceres Capital,84,/es/comprar/vivienda/caceres-capital/aire-acondicionado-calefaccion-terraza-ascensor/176135603/d?from=list,3,1,91,No,0,No,No,No,No,No,No,1416,9500.0,177.5,136.5,82.8,195.0,49.31666666666666,0,0.0,0.0,670.0,7.448200000000001
1322,6407a7facafadec71424d944,79900,Piso,Piso con terraza en Ciudad Monumental,927 920 786,Ciudad Monumental,Cáceres Capital,18,/es/comprar/vivienda/caceres-capital/aire-acondicionado-terraza-ascensor/164588256/d?from=list,2,1,68,No,0,No,No,No,No,No,No,1393,7990.0,120.0,102.0,66.19,179.9,39.0075,0,0.0,0.0,583.0,7.427363750142223
3556,6407a7facafadec71424e1fe,94000,Piso,Piso con terraza en La Cañada,927 920 167,La Cañada,Cáceres Capital,1,/es/comprar/vivienda/caceres-capital/aire-acondicionado-calefaccion-parking-terraza-trastero/176660844/d?from=list,3,2,82,No,2,No,Yes,No,No,No,No,3627,9400.0,155.0,123.0,81.7,194.0,46.14166666666667,0,0.0,0.0,665.0,7.4262999999999995
1370,6407a7facafadec71424d974,129900,Piso,Piso con terraza en Centro,927 920 786,Centro,Cáceres Capital,98,/es/comprar/vivienda/caceres-capital/calefaccion-parking-terraza/165119150/d?from=list,3,2,136,No,0,No,No,No,No,No,No,1441,12990.0,290.0,204.0,121.19000000000001,229.9,70.42416666666666,29900,45764.27561026654,127.12298780629594,816.0,7.421434146324449
4066,6407a7facafadec71424e3fc,100000,Piso,Piso con terraza en Ciudad Monumental,927 920 167,Ciudad Monumental,Cáceres Capital,5,/es/comprar/vivienda/caceres-capital/terraza/176981883/d?from=list,3,1,83,No,3,No,Yes,No,No,No,No,4137,10000.0,157.5,124.5,88.3,200.0,47.525,0,0.0,0.0,665.0,7.409700000000001
3528,6407a7facafadec71424e1e2,92000,Piso,"Piso en C/ las Grullas. Residencial Montesol II, Mejostilla",910 304 295,Mejostilla,Cáceres Capital,0,/es/comprar/vivienda/caceres-capital/mejostilla/176591819/d?from=list,0,0,112,No,0,No,No,No,No,No,No,3599,9200.0,230.0,168.0,79.5,192.0,55.791666666666664,0,0.0,0.0,672.0,7.3945
3077,6407a7facafadec71424e01f,105000,Piso,Piso con terraza en Centro,927 920 847,Centro,Cáceres Capital,49,/es/comprar/vivienda/caceres-capital/calefaccion-terraza-ascensor/176098289/d?from=list,4,2,95,Yes,2,No,No,No,No,No,No,3148,10500.0,187.5,142.5,103.8,205.0,53.23333333333333,5000,7652.888898037882,21.258024716771896,690.0,7.386103703398737
1344,6407a7facafadec71424d95a,105000,Piso,Piso con terraza en Ciudad Monumental,927 920 675,Ciudad Monumental,Cáceres Capital,43,/es/comprar/vivienda/caceres-capital/aire-acondicionado-calefaccion-terraza-ascensor/176135484/d?from=list,4,2,114,No,0,No,No,No,No,No,No,1415,10500.0,235.0,171.0,93.8,205.0,58.73333333333333,5000,7652.888898037882,21.258024716771896,684.0,7.248103703398738
2988,6407a7facafadec71424dfc6,98000,Apartamento,"Apartamento con terraza en Obispo Segura Saez, Centro",927 920 342,Centro,Cáceres Capital,45,/es/comprar/vivienda/caceres-capital/terraza-ascensor/164485882/d?from=list,2,1,57,Yes,2,No,No,No,No,No,No,3059,9800.0,107.5,85.5,96.10000000000001,198.0,40.59166666666667,0,0.0,0.0,644.0,7.2409
2508,6407a7facafadec71424dde6,106000,Casa o chalet,Casa o chalet con terraza en Ciudad Monumental,927 920 764,Ciudad Monumental,Cáceres Capital,0,/es/comprar/vivienda/caceres-capital/aire-acondicionado-terraza/162322550/d?from=list,3,2,70,No,0,No,Yes,No,Yes,No,No,2579,10600.0,125.0,105.0,94.9,206.0,44.24166666666667,6000,9183.46667764546,25.509629660126276,665.0,7.142984444078484
1369,6407a7facafadec71424d973,105000,Piso,Piso con ascensor en Centro,927 920 847,Centro,Cáceres Capital,88,/es/comprar/vivienda/caceres-capital/ascensor/176100087/d?from=list,3,2,100,No,0,No,No,No,No,No,No,1440,10500.0,200.0,150.0,93.8,205.0,54.06666666666666,5000,7652.888898037882,21.258024716771896,670.0,7.136103703398737
3704,6407a7facafadec71424e292,94000,Piso,Piso con ascensor en Ciudad Monumental,927 920 171,Ciudad Monumental,Cáceres Capital,5,/es/comprar/vivienda/caceres-capital/aire-acondicionado-calefaccion-parking-trastero-ascensor/176978084/d?from=list,3,2,90,Yes,0,No,No,Yes,No,No,No,3775,9400.0,175.0,135.0,91.7,194.0,49.64166666666667,0,0.0,0.0,638.5,7.0663
1891,6407a7facafadec71424db7d,95000,Casa o chalet,Casa o chalet con piscina en Ciudad Monumental,927 920 179,Ciudad Monumental,Cáceres Capital,0,/es/comprar/vivienda/caceres-capital/aire-acondicionado-parking-trastero-piscina-amueblado-parking/176249548/d?from=list,2,1,90,No,0,No,No,No,No,Yes,Yes,1962,9500.0,175.0,135.0,92.8,195.0,49.81666666666666,0,0.0,0.0,635.5,7.028200000000001
4088,6407a7facafadec71424e412,104000,Dúplex,Dúplex con terraza en Ciudad Monumental,927 920 167,Ciudad Monumental,Cáceres Capital,1,/es/comprar/vivienda/caceres-capital/aire-acondicionado-terraza/158540949/d?from=list,2,2,90,No,0,No,Yes,No,Yes,No,No,4159,10400.0,175.0,135.0,92.7,204.0,50.55833333333334,4000,6122.311118430305,17.006419773417516,648.5,6.971222962718988
15,6407a7facafadec71424d429,89200,Piso,Piso con 1 baño en Mejostilla,924 150 618,Mejostilla,Cáceres Capital,34,/es/comprar/vivienda/caceres-capital/parking-amueblado/176652677/d?from=list,3,1,90,No,0,No,No,No,No,No,No,15,8920.0,175.0,135.0,76.42,189.2,47.968333333333334,0,0.0,0.0,616.0,6.9469832857725216
1913,6407a7facafadec71424db93,91000,Piso,"Piso en C/ Miguel Ángel Orti Belmont, Mejostilla",910 304 295,Mejostilla,Cáceres Capital,0,/es/comprar/vivienda/caceres-capital/parking-trastero/176597751/d?from=list,3,1,64,No,0,No,No,No,No,No,No,1984,9100.0,110.0,96.0,78.4,191.0,39.61666666666667,0,0.0,0.0,616.0,6.916600000000001
3105,6407a7facafadec71424e03b,110000,Piso,Piso con terraza en Ciudad Monumental,927 920 167,Ciudad Monumental,Cáceres Capital,0,/es/comprar/vivienda/caceres-capital/terraza/177036984/d?from=list,3,1,81,No,3,No,Yes,No,No,No,No,3176,11000.0,152.5,121.5,99.30000000000001,210.0,48.60833333333333,10000,15305.777796075765,42.51604943354379,665.0,6.886507406797475
1914,6407a7facafadec71424db94,110000,Piso,Piso con terraza en Mejostilla,927 920 167,Mejostilla,Cáceres Capital,0,/es/comprar/vivienda/caceres-capital/aire-acondicionado-calefaccion-parking-terraza-no-amueblado/155722901/d?from=list,3,2,85,No,4,No,Yes,No,No,No,No,1985,11000.0,162.5,127.5,99.30000000000001,210.0,49.94166666666666,10000,15305.777796075765,42.51604943354379,665.0,6.870507406797474
719,6407a7facafadec71424d6e9,110000,Apartamento,Apartamento con terraza en Centro,927 136 129,Centro,Cáceres Capital,35,/es/comprar/vivienda/caceres-capital/aire-acondicionado-calefaccion-terraza-ascensor-amueblado/156717912/d?from=list,3,1,105,No,0,No,No,No,No,No,No,769,11000.0,212.5,157.5,99.30000000000001,210.0,56.60833333333333,10000,15305.777796075765,42.51604943354379,670.0,6.850507406797475
3007,6407a7facafadec71424dfd9,115000,Piso,Piso con terraza en Centro,927 920 847,Centro,Cáceres Capital,46,/es/comprar/vivienda/caceres-capital/aire-acondicionado-calefaccion-parking-terraza-trastero-ascensor/176489394/d?from=list,4,2,110,Yes,1,No,No,No,No,No,No,3078,11500.0,225.0,165.0,114.80000000000001,215.0,59.98333333333333,15000,22958.666694113646,63.77407415031569,690.0,6.794911110196211
4688,6407a7facafadec71424e66a,90000,Piso,Piso con calefacción en Ciudad Monumental,927 920 675,Ciudad Monumental,Cáceres Capital,84,/es/comprar/vivienda/caceres-capital/calefaccion/176135335/d?from=list,1,1,72,No,2,No,No,Yes,No,No,No,4759,9000.0,130.0,108.0,77.3,190.0,42.108333333333334,0,0.0,0.0,600.0,6.762323232323232
4640,6407a7facafadec71424e63a,123000,Piso,"Piso con terraza en Avenida Hernán Cortés, Centro",927 920 854,Centro,Cáceres Capital,27,/es/comprar/vivienda/caceres-capital/aire-acondicionado-calefaccion-terraza-ascensor/165168610/d?from=list,3,1,90,Yes,0,No,Yes,No,No,No,No,4711,12300.0,175.0,135.0,123.60000000000001,223.0,54.71666666666667,23000,35203.28893097426,97.78691369715072,715.75,6.758957035634191
4750,6407a7facafadec71424e6a8,100000,Piso,Piso con 1 baño en Aguas Vivas - La Zambomba,918 003 206,Aguas Vivas - La Zambomba,Cáceres Capital,6,/es/comprar/vivienda/caceres-capital/aguas-vivas-la-zambomba/176636326/d?from=list,3,1,101,No,3,No,No,No,No,No,No,4821,10000.0,202.5,151.5,88.3,200.0,53.525,0,0.0,0.0,616.0,6.7497
4774,6407a7facafadec71424e6c0,152000,Casa o chalet,Casa o chalet con terraza en Mejostilla,927 920 764,Mejostilla,Cáceres Capital,85,/es/comprar/vivienda/caceres-capital/aire-acondicionado-parking-terraza-patio/164150794/d?from=list,6,2,170,No,0,No,Yes,No,Yes,No,No,4845,15200.0,375.0,255.0,145.50000000000003,252.0,85.625,52000,79590.04453959398,221.08345705442773,867.0,6.723498515346867
17,6407a7facafadec71424d42b,125000,Piso,Piso con terraza en Centro,924 150 618,Centro,Cáceres Capital,4,/es/comprar/vivienda/caceres-capital/terraza-ascensor/176999666/d?from=list,3,1,89,Yes,3,No,Yes,No,No,No,No,17,12500.0,172.5,133.5,125.8,225.0,54.73333333333333,25000,38264.44449018941,106.29012358385948,715.75,6.656718516993687
4775,6407a7facafadec71424e6c1,108000,Piso,"Piso en Calle Pedro Romero Mendoza, Mejostilla",927 920 589,Mejostilla,Cáceres Capital,13,/es/comprar/vivienda/caceres-capital/calefaccion-parking-terraza-trastero-zona-comunitaria-ascensor-patio-amueblado-television-se-aceptan-mascotas-internet/161955769/d?from=list,3,1,90,Yes,3,No,No,No,No,No,No,4846,10800.0,175.0,135.0,107.10000000000001,208.0,52.09166666666667,8000,12244.62223686061,34.01283954683503,638.5,6.628745925437979
3497,6407a7facafadec71424e1c3,96000,Piso,"Piso en Pz Concepción, Ciudad Monumental",910 304 295,Ciudad Monumental,Cáceres Capital,15,/es/comprar/vivienda/caceres-capital/trastero/176856074/d?from=list,2,1,60,No,0,No,No,No,No,No,No,3568,9600.0,100.0,90.0,83.9,196.0,39.15833333333333,0,0.0,0.0,583.0,6.5261
4090,6407a7facafadec71424e414,130000,Piso,Piso con terraza en Centro,927 920 167,Centro,Cáceres Capital,16,/es/comprar/vivienda/caceres-capital/terraza-no-amueblado/159709099/d?from=list,3,1,80,No,0,No,Yes,No,No,No,No,4161,13000.0,150.0,120.0,121.3,230.0,51.775,30000,45917.33338822729,127.54814830063138,715.5,6.434122220392425
22,6407a7facafadec71424d430,109000,Piso,Piso con balcón en Ciudad Monumental,927 132 761,Ciudad Monumental,Cáceres Capital,0,/es/comprar/vivienda/caceres-capital/aire-acondicionado-calefaccion/161777601/d?from=list,3,2,81,No,0,No,No,No,No,No,No,23,10900.0,152.5,121.5,98.2,209.0,48.43333333333334,9000,13775.200016468187,38.26444449018941,616.0,6.351626666117727
823,6407a7facafadec71424d751,129900,Piso,Piso con terraza en Ciudad Monumental,927 920 786,Ciudad Monumental,Cáceres Capital,0,/es/comprar/vivienda/caceres-capital/aire-acondicionado-calefaccion-terraza-ascensor-amueblado/165118778/d?from=list,4,2,120,No,0,No,No,No,No,No,No,880,12990.0,250.0,180.0,121.19000000000001,229.9,65.09083333333334,29900,45764.27561026654,127.12298780629594,720.0,6.333434146324449
2566,6407a7facafadec71424de20,135000,Piso,"Piso con terraza en Berrocala, Centro",927 920 486,Centro,Cáceres Capital,0,/es/comprar/vivienda/caceres-capital/terraza/176259607/d?from=list,4,2,99,No,0,No,Yes,No,No,No,No,2637,13500.0,197.5,148.5,126.8,235.0,58.98333333333333,35000,53570.22228626518,148.8061730174033,735.0,6.326525923791161
2,6407a7facafadec71424d41c,117260,Piso,Piso con calefacción en Mejostilla,924 150 618,Mejostilla,Cáceres Capital,0,/es/comprar/vivienda/caceres-capital/aire-acondicionado-calefaccion-parking/176998458/d?from=list,4,2,110,No,0,No,No,Yes,Yes,No,No,2,11726.0,225.0,165.0,107.28600000000002,217.26,59.545500000000004,17260,26417.77247602677,73.38270132229658,660.0,6.3248615841324405
2482,6407a7facafadec71424ddcc,120000,Piso,Piso con calefacción en Centro,927 920 171,Centro,Cáceres Capital,0,/es/comprar/vivienda/caceres-capital/aire-acondicionado-calefaccion-patio/176622232/d?from=list,3,1,105,No,0,No,No,Yes,Yes,No,No,2553,12000.0,212.5,157.5,110.3,220.0,58.35833333333333,20000,30611.55559215153,85.03209886708758,670.0,6.319314813594949
4089,6407a7facafadec71424e413,120000,Piso,Piso con terraza en Centro,924 150 618,Centro,Cáceres Capital,7,/es/comprar/vivienda/caceres-capital/aire-acondicionado-calefaccion-terraza-ascensor/176096717/d?from=list,3,2,108,Yes,4,No,No,No,No,No,No,4160,12000.0,220.0,162.0,120.3,220.0,60.19166666666666,20000,30611.55559215153,85.03209886708758,670.5,6.30331481359495
701,6407a7facafadec71424d6d7,108000,Apartamento,"Apartamento con calefacción en Calle San Jorge, Centro",927 135 098,Centro,Cáceres Capital,20,/es/comprar/vivienda/caceres-capital/calefaccion-parking-no-amueblado/176186809/d?from=list,1,1,32,No,0,No,No,No,No,No,No,751,10800.0,170.0,48.0,97.10000000000001,208.0,43.59166666666667,8000,12244.62223686061,34.01283954683503,600.0,6.26874592543798
2928,6407a7facafadec71424df8a,125000,Piso,Piso con terraza en Centro,927 920 786,Centro,Cáceres Capital,0,/es/comprar/vivienda/caceres-capital/terraza-ascensor/165243720/d?from=list,4,2,110,Yes,4,No,No,No,No,No,No,2999,12500.0,225.0,165.0,125.8,225.0,61.73333333333333,25000,38264.44449018941,106.29012358385948,690.0,6.263718516993687
25,6407a7facafadec71424d433,112000,Piso,"Piso con terraza en Gil Cordero, Centro",927 920 179,Centro,Cáceres Capital,140,/es/comprar/vivienda/caceres-capital/aire-acondicionado-calefaccion-terraza-zona-comunitaria-ascensor-amueblado/163874434/d?from=list,2,1,75,No,0,No,No,No,No,No,No,27,11200.0,137.5,112.5,101.5,212.0,46.958333333333336,12000,18366.93335529092,51.01925932025255,617.0,6.228268888156968
1281,6407a7facafadec71424d91b,130000,Piso,"Piso con terraza en Antonio Reyes Huertas, Centro",927 920 675,Centro,Cáceres Capital,8,/es/comprar/vivienda/caceres-capital/aire-acondicionado-calefaccion-parking-terraza-ascensor/176135385/d?from=list,4,2,115,No,0,No,No,No,No,No,No,1352,13000.0,237.5,172.5,121.3,230.0,63.44166666666666,30000,45917.33338822729,127.54814830063138,709.0,6.216122220392423
8,6407a7facafadec71424d422,129000,Dúplex,Dúplex con terraza en Centro,927 920 487,Centro,Cáceres Capital,2,/es/comprar/vivienda/caceres-capital/aire-acondicionado-parking-terraza-trastero/163134448/d?from=list,2,2,105,No,2,No,Yes,No,Yes,No,No,8,12900.0,212.5,157.5,120.2,229.0,59.93333333333334,29000,44386.75560861973,123.29654335727702,695.5,6.147241479712676
0,6407a7facafadec71424d41a,135000,Piso,"Piso en Calle Antonio Floriano Cumbreño, 7, Centro",930 441 735,Centro,Cáceres Capital,0,/es/comprar/vivienda/caceres-capital/aire-acondicionado-calefaccion-terraza-ascensor-amueblado/176887179/d?from=list,4,2,113,Yes,5,No,Yes,No,No,No,No,0,13500.0,232.5,169.5,136.8,235.0,64.48333333333333,35000,53570.22228626518,148.8061730174033,725.5,6.14652592379116
1225,6407a7facafadec71424d8e3,122000,Piso,"Piso en Calle Domingo Sánchez Loro, Mejostilla",927 920 783,Mejostilla,Cáceres Capital,166,/es/comprar/vivienda/caceres-capital/mejostilla/163894925/d?from=list,4,2,90,No,0,No,No,No,No,No,No,1296,12200.0,175.0,135.0,112.50000000000001,222.0,53.708333333333336,22000,33672.71115136668,93.53530875379634,658.0,6.129076294954444
4117,6407a7facafadec71424e42f,140000,Piso,Piso con terraza en Centro,927 920 167,Centro,Cáceres Capital,1,/es/comprar/vivienda/caceres-capital/calefaccion-parking-terraza-trastero/155722854/d?from=list,4,2,120,No,0,No,Yes,Yes,No,No,No,4188,14000.0,250.0,180.0,132.3,240.0,66.85833333333333,40000,61223.11118430306,170.06419773417517,740.5,6.042929627189898
3106,6407a7facafadec71424e03c,130000,Piso,Piso con terraza en Centro,924 150 618,Centro,Cáceres Capital,7,/es/comprar/vivienda/caceres-capital/aire-acondicionado-calefaccion-parking-terraza-ascensor/162188952/d?from=list,4,2,118,Yes,9,No,No,No,No,No,No,3177,13000.0,245.0,177.0,131.3,230.0,65.27499999999999,30000,45917.33338822729,127.54814830063138,690.0,5.966122220392424
3078,6407a7facafadec71424e020,135000,Apartamento,Apartamento con terraza en Centro,927 920 167,Centro,Cáceres Capital,1,/es/comprar/vivienda/caceres-capital/calefaccion-parking-terraza/155722836/d?from=list,2,1,75,No,2,No,Yes,No,No,No,No,3149,13500.0,137.5,112.5,126.8,235.0,50.98333333333333,35000,53570.22228626518,148.8061730174033,689.0,5.870525923791162
3557,6407a7facafadec71424e1ff,130000,Piso,Piso con terraza en Nuevo Cáceres,927 920 167,Nuevo Cáceres,Cáceres Capital,1,/es/comprar/vivienda/caceres-capital/aire-acondicionado-parking-terraza/165591260/d?from=list,3,1,74,No,1,No,Yes,No,No,No,No,3628,13000.0,135.0,111.0,121.3,230.0,49.775,30000,45917.33338822729,127.54814830063138,665.0,5.852122220392424
1968,6407a7facafadec71424dbca,130000,Piso,"Piso con terraza en Profesor Hernandez Pacheco, Centro",927 920 916,Centro,Cáceres Capital,0,/es/comprar/vivienda/caceres-capital/aire-acondicionado-calefaccion-parking-terraza-trastero-ascensor/176975575/d?from=list,3,1,90,Yes,2,No,No,No,No,No,No,2039,13000.0,175.0,135.0,131.3,230.0,55.94166666666666,30000,45917.33338822729,127.54814830063138,670.5,5.844122220392423
4803,6407a7facafadec71424e6dd,127500,Apartamento,Apartamento con terraza en Nuevo Cáceres,927 920 167,Nuevo Cáceres,Cáceres Capital,1,/es/comprar/vivienda/caceres-capital/calefaccion-terraza/159263629/d?from=list,2,2,70,No,4,No,Yes,No,No,No,No,4874,12750.0,125.0,105.0,118.55,227.5,48.00416666666666,27500,42090.88893920836,116.91913594224543,648.5,5.802920368693055
7,6407a7facafadec71424d421,129000,Piso,"Piso en C. Tenerías, 35, 35, Ciudad Monumental",927 135 106,Ciudad Monumental,Cáceres Capital,20,/es/comprar/vivienda/caceres-capital/ciudad-monumental/176811627/d?from=list,4,2,83,No,0,Yes,No,No,No,No,No,7,12900.0,157.5,124.5,120.2,229.0,52.6,29000,44386.75560861973,123.29654335727702,658.0,5.785241479712677
3,6407a7facafadec71424d41d,150000,Ático,"Ático en Calle Fuente Nueva, ., Ciudad Monumental",930 441 735,Ciudad Monumental,Cáceres Capital,13,/es/comprar/vivienda/caceres-capital/aire-acondicionado-calefaccion-terraza-no-amueblado/176887314/d?from=list,5,2,136,No,2,No,Yes,Yes,No,No,No,3,15000.0,290.0,204.0,143.3,250.0,73.94166666666666,50000,76528.88898037882,212.58024716771897,765.0,5.741737033987373
712,6407a7facafadec71424d6e2,130000,Casa adosada,"Casa adosada con terraza en Candeleda, Mejostilla",927 135 098,Mejostilla,Cáceres Capital,0,/es/comprar/vivienda/caceres-capital/calefaccion-parking-terraza-trastero-no-amueblado/177036819/d?from=list,4,2,111,No,0,No,No,No,No,No,No,762,13000.0,227.5,166.5,121.3,230.0,62.10833333333333,30000,45917.33338822729,127.54814830063138,666.0,5.716122220392423
4068,6407a7facafadec71424e3fe,120000,Loft,Loft con 1 baño en Ciudad Monumental,927 920 167,Ciudad Monumental,Cáceres Capital,1,/es/comprar/vivienda/caceres-capital/parking-trastero/164947781/d?from=list,1,1,60,No,0,No,No,No,No,No,No,4139,12000.0,100.0,90.0,110.3,220.0,43.35833333333333,20000,30611.55559215153,85.03209886708758,600.0,5.659314813594948
4,6407a7facafadec71424d41e,135000,Piso,"Piso con terraza en Barrerón, Mejostilla",927 920 487,Mejostilla,Cáceres Capital,1,/es/comprar/vivienda/caceres-capital/aire-acondicionado-parking-terraza-trastero-ascensor/165206596/d?from=list,3,2,107,Yes,1,No,Yes,No,No,No,No,4,13500.0,217.5,160.5,136.8,235.0,62.48333333333333,35000,53570.22228626518,148.8061730174033,682.75,5.6575259237911615
720,6407a7facafadec71424d6ea,144000,Piso,Piso con terraza en Centro,927 136 129,Centro,Cáceres Capital,35,/es/comprar/vivienda/caceres-capital/aire-acondicionado-calefaccion-terraza-trastero-ascensor-amueblado/157386737/d?from=list,3,2,120,No,0,No,No,No,No,No,No,770,14400.0,250.0,180.0,136.70000000000002,244.0,67.55833333333334,44000,67345.42230273336,187.0706175075927,720.0,5.584452589908888
2392,6407a7facafadec71424dd72,129000,Piso,Piso con terraza en Mejostilla,927 135 106,Mejostilla,Cáceres Capital,0,/es/comprar/vivienda/caceres-capital/parking-terraza-trastero-ascensor-parking/176868013/d?from=list,3,2,90,Yes,2,No,No,No,No,No,No,2463,12900.0,175.0,135.0,130.2,229.0,55.76666666666667,29000,44386.75560861973,123.29654335727702,638.5,5.513241479712675
824,6407a7facafadec71424d752,135000,Dúplex,Dúplex con terraza en Centro,927 920 675,Centro,Cáceres Capital,0,/es/comprar/vivienda/caceres-capital/aire-acondicionado-calefaccion-terraza-ascensor-amueblado/176135565/d?from=list,3,3,110,No,0,No,No,No,No,No,No,881,13500.0,225.0,165.0,126.8,235.0,62.65,35000,53570.22228626518,148.8061730174033,670.0,5.5025259237911595
3596,6407a7facafadec71424e226,138000,Piso,Piso con ascensor en Centro,927 920 179,Centro,Cáceres Capital,0,/es/comprar/vivienda/caceres-capital/aire-acondicionado-calefaccion-ascensor-se-aceptan-mascotas-no-amueblado/177030153/d?from=list,3,1,89,Yes,0,No,No,Yes,No,No,No,3667,13800.0,172.5,133.5,140.10000000000002,238.0,57.00833333333333,38000,58161.9556250879,161.5609878474664,670.5,5.423168145830403
738,6407a7facafadec71424d6fc,127900,Obra Nueva,"Obra Nueva Piso con 1 baño en Calle Huerta del Conde, Centro",927 132 758,Centro,Cáceres Capital,134,/es/comprar/vivienda/obra-nueva/caceres-capital/19723596/165293683?from=list,1,1,50,No,0,No,No,No,No,No,No,790,12790.0,125.0,75.0,118.99,227.9,45.57416666666666,27900,42703.12005105139,118.6197779195872,600.0,5.229672664964954
1398,6407a7facafadec71424d990,130000,Dúplex,Dúplex con aire acondicionado en Centro,927 920 478,Centro,Cáceres Capital,96,/es/comprar/vivienda/caceres-capital/aire-acondicionado-internet-no-amueblado/165755533/d?from=list,2,1,99,No,0,No,No,No,No,No,No,1469,13000.0,197.5,148.5,121.3,230.0,58.10833333333333,30000,45917.33338822729,127.54814830063138,617.0,5.176122220392423
750,6407a7facafadec71424d708,125000,Piso,"Piso con terraza en Oaxaca, Nuevo Cáceres",927 920 179,Nuevo Cáceres,Cáceres Capital,42,/es/comprar/vivienda/caceres-capital/calefaccion-terraza-ascensor-no-amueblado/176518976/d?from=list,2,1,70,No,0,No,No,No,No,No,No,803,12500.0,125.0,105.0,115.8,225.0,47.56666666666666,25000,38264.44449018941,106.29012358385948,583.0,5.149718516993686
1234,6407a7facafadec71424d8ec,153000,Casa adosada,"Casa adosada con terraza en Calle Calle Alonso Zamora Vicente, Ciudad Monumental",927 137 029,Ciudad Monumental,Cáceres Capital,263,/es/comprar/vivienda/caceres-capital/calefaccion-parking-jardin-terraza-trastero-no-amueblado/163907252/d?from=list,4,2,120,No,0,No,No,No,No,No,No,1305,15300.0,250.0,180.0,146.60000000000002,253.0,69.13333333333334,53000,81120.62231920156,225.3350619977821,720.0,5.106379256026615
4067,6407a7facafadec71424e3fd,150000,Dúplex,Dúplex con terraza en Centro,924 150 618,Centro,Cáceres Capital,1,/es/comprar/vivienda/caceres-capital/aire-acondicionado-calefaccion-terraza-ascensor/162188712/d?from=list,4,2,101,Yes,4,No,No,No,No,No,No,4138,15000.0,202.5,151.5,153.3,250.0,63.10833333333333,50000,76528.88898037882,212.58024716771897,690.0,4.971737033987372
4137,6407a7facafadec71424e443,145000,Dúplex,Dúplex con calefacción en Ciudad Monumental,927 920 478,Ciudad Monumental,Cáceres Capital,5,/es/comprar/vivienda/caceres-capital/aire-acondicionado-calefaccion-no-amueblado/176986797/d?from=list,4,2,110,No,0,No,No,Yes,Yes,No,No,4208,14500.0,225.0,165.0,137.8,245.0,64.39999999999999,45000,68876.00008234095,191.32222245094707,660.0,4.851333330588636
4834,6407a7facafadec71424e6fc,148000,Piso,Piso con terraza en Mejostilla,927 920 167,Mejostilla,Cáceres Capital,1,/es/comprar/vivienda/caceres-capital/aire-acondicionado-calefaccion-parking-terraza-trastero/165379824/d?from=list,3,2,92,No,1,No,Yes,No,No,No,No,4905,14800.0,180.0,138.0,141.10000000000002,248.0,58.925000000000004,48000,73467.73342116368,204.0770372810102,665.0,4.823975552627878
4686,6407a7facafadec71424e668,150000,Piso,Piso con calefacción en Centro,927 920 167,Centro,Cáceres Capital,1,/es/comprar/vivienda/caceres-capital/calefaccion-patio-amueblado/159708388/d?from=list,3,2,90,No,2,No,No,Yes,No,No,No,4757,15000.0,175.0,135.0,143.3,250.0,58.60833333333333,50000,76528.88898037882,212.58024716771897,670.0,4.785737033987372
4657,6407a7facafadec71424e64b,132000,Apartamento,Apartamento con calefacción en Aguas Vivas - La Zambomba,927 920 167,Aguas Vivas - La Zambomba,Cáceres Capital,1,/es/comprar/vivienda/caceres-capital/aire-acondicionado-calefaccion-parking-trastero-patio/162010705/d?from=list,2,1,75,No,0,No,No,Yes,Yes,No,No,4728,13200.0,137.5,112.5,123.50000000000001,232.0,50.458333333333336,32000,48978.48894744244,136.05135818734013,583.0,4.7578837017519175
2459,6407a7facafadec71424ddb5,149000,Dúplex,Dúplex con terraza en Ciudad Monumental,924 150 618,Ciudad Monumental,Cáceres Capital,0,/es/comprar/vivienda/caceres-capital/aire-acondicionado-calefaccion-terraza-ascensor/165748378/d?from=list,4,2,112,Yes,2,No,No,No,No,No,No,2530,14900.0,230.0,168.0,152.20000000000002,249.0,66.60000000000001,49000,74998.31120077125,208.3286422243646,666.5,4.6988562933076246
1267,6407a7facafadec71424d90d,144000,Piso,Piso con terraza en Mejostilla,927 920 478,Mejostilla,Cáceres Capital,4,/es/comprar/vivienda/caceres-capital/aire-acondicionado-calefaccion-parking-terraza-ascensor-patio-no-amueblado/177001298/d?from=list,3,2,94,No,0,No,No,No,No,No,No,1338,14400.0,185.0,141.0,136.70000000000002,244.0,58.89166666666667,44000,67345.42230273336,187.0706175075927,616.0,4.440452589908888
1224,6407a7facafadec71424d8e2,145000,Apartamento,Apartamento con terraza en Mejostilla,927 920 847,Mejostilla,Cáceres Capital,47,/es/comprar/vivienda/caceres-capital/calefaccion-parking-jardin-terraza-trastero-ascensor-piscina/176100372/d?from=list,2,2,83,No,0,No,No,No,No,No,No,1295,14500.0,157.5,124.5,137.8,245.0,55.4,45000,68876.00008234095,191.32222245094707,583.0,4.035333330588635
1821,6407a7facafadec71424db37,150000,Apartamento,Apartamento con terraza en Nuevo Cáceres,927 920 847,Nuevo Cáceres,Cáceres Capital,88,/es/comprar/vivienda/caceres-capital/calefaccion-terraza-ascensor/176099527/d?from=list,2,2,82,No,0,No,No,No,No,No,No,1892,15000.0,155.0,123.0,143.3,250.0,55.94166666666666,50000,76528.88898037882,212.58024716771897,583.0,3.7737370339873726
2419,6407a7facafadec71424dd8d,98600,Ático,Ático con terraza en Ruta de la Plata,927 131 359,Ruta de la Plata,Cáceres Capital,0,/es/comprar/vivienda/caceres-capital/calefaccion-terraza-ascensor/159354801/d?from=list,2,1,70,Yes,8,No,No,No,No,No,No,2490,9860.0,125.0,105.0,96.76,198.6,43.78,0,0.0,0.0,-1.0,-0.5373600000000001
1253,6407a7facafadec71424d8ff,105000,Apartamento,Apartamento con 1 baño en Ruta de la Plata,927 920 167,Ruta de la Plata,Cáceres Capital,1,/es/comprar/vivienda/caceres-capital/ruta-de-la-plata/176204157/d?from=list,2,1,48,No,0,No,No,No,No,No,No,1324,10500.0,130.0,72.0,93.8,205.0,41.733333333333334,5000,7652.888898037882,21.258024716771896,-1.0,-0.7678962966012628
4205,6407a7facafadec71424e487,112000,Piso,Piso con calefacción en Ruta de la Plata,927 920 167,Ruta de la Plata,Cáceres Capital,1,/es/comprar/vivienda/caceres-capital/calefaccion-patio/157621657/d?from=list,4,2,90,No,1,No,No,Yes,No,No,No,4276,11200.0,175.0,135.0,101.5,212.0,51.958333333333336,12000,18366.93335529092,51.01925932025255,-1.0,-1.2477311118430308
1282,6407a7facafadec71424d91c,115000,Piso,Piso con terraza en Ruta de la Plata,927 131 359,Ruta de la Plata,Cáceres Capital,26,/es/comprar/vivienda/caceres-capital/terraza-ascensor/176737814/d?from=list,3,1,85,No,0,No,No,No,No,No,No,1353,11500.0,162.5,127.5,104.80000000000001,215.0,50.81666666666666,15000,22958.666694113646,63.77407415031569,-1.0,-1.3870888898037883
1428,6407a7facafadec71424d9ae,110000,Casa o chalet,Casa o chalet con piscina en Pedanías de Cáceres,927 920 342,Pedanías de Cáceres,Cáceres Capital,159,/es/comprar/vivienda/caceres-capital/parking-trastero-patio-piscina/164485915/d?from=list,4,1,170,No,0,No,No,No,No,No,No,1499,11000.0,375.0,255.0,99.30000000000001,210.0,78.27499999999999,10000,15305.777796075765,42.51604943354379,-1.0,-1.4614925932025253
2404,6407a7facafadec71424dd7e,117000,Piso,Piso con ascensor en Ruta de la Plata,924 150 618,Ruta de la Plata,Cáceres Capital,0,/es/comprar/vivienda/caceres-capital/calefaccion-parking-ascensor/176812299/d?from=list,3,2,95,Yes,9,No,No,No,No,No,No,2475,11700.0,187.5,142.5,117.00000000000001,217.0,55.333333333333336,17000,26019.8222533288,72.27728403702444,-1.0,-1.5433274084442932
765,6407a7facafadec71424d717,124400,Piso,"Piso en Calle Nápoles, 2, Ruta de la Plata",927 926 041,Ruta de la Plata,Cáceres Capital,64,/es/comprar/vivienda/caceres-capital/aire-acondicionado-calefaccion-terraza-trastero-zona-comunitaria-ascensor-amueblado-parking-no-amueblado/176293249/d?from=list,3,2,127,No,0,No,No,No,No,No,No,819,12440.0,267.5,190.5,115.14,224.4,66.46166666666666,24400,37346.09782242487,103.73916061784685,-1.0,-2.054409927414162
1997,6407a7facafadec71424dbe7,128000,Piso,"Piso con terraza en Calle Viena, Ruta de la Plata",927 926 041,Ruta de la Plata,Cáceres Capital,0,/es/comprar/vivienda/caceres-capital/calefaccion-terraza-ascensor-amueblado-se-aceptan-mascotas-internet-no-amueblado/176312362/d?from=list,4,2,106,Yes,3,No,No,No,No,No,No,2068,12800.0,215.0,159.0,129.10000000000002,228.0,60.925000000000004,28000,42856.177829012144,119.04493841392262,-1.0,-2.1716392609670714
904,6407a7facafadec71424d7a2,135000,Piso,"Piso en Calle Viena, Ruta de la Plata",927 920 783,Ruta de la Plata,Cáceres Capital,50,/es/comprar/vivienda/caceres-capital/ruta-de-la-plata/165329544/d?from=list,3,1,90,No,0,No,No,No,No,No,No,964,13500.0,175.0,135.0,126.8,235.0,55.98333333333333,35000,53570.22228626518,148.8061730174033,-1.0,-2.4694740762088396
2507,6407a7facafadec71424dde5,135000,Piso,Piso con ascensor en Ruta de la Plata,927 135 106,Ruta de la Plata,Cáceres Capital,0,/es/comprar/vivienda/caceres-capital/ascensor/176716201/d?from=list,3,2,91,Yes,4,No,No,No,No,No,No,2578,13500.0,177.5,136.5,136.8,235.0,57.15,35000,53570.22228626518,148.8061730174033,-1.0,-2.4834740762088394
903,6407a7facafadec71424d7a1,140000,Apartamento,"Apartamento con terraza en Calle Lisboa, Ruta de la Plata",927 137 029,Ruta de la Plata,Cáceres Capital,95,/es/comprar/vivienda/caceres-capital/aire-acondicionado-calefaccion-terraza-ascensor-no-amueblado/163302406/d?from=list,2,2,80,No,0,No,No,No,No,No,No,963,14000.0,150.0,120.0,132.3,240.0,53.525,40000,61223.11118430306,170.06419773417517,-1.0,-2.695070372810102
822,6407a7facafadec71424d750,140026,Piso,Piso con piscina en Ruta de la Plata,927 920 167,Ruta de la Plata,Cáceres Capital,0,/es/comprar/vivienda/caceres-capital/jardin-terraza-zona-comunitaria-ascensor-piscina-parking-piscina/164573205/d?from=list,3,2,90,No,0,No,No,No,No,No,No,879,14002.6,175.0,135.0,132.32860000000002,240.026,56.86288333333334,40026,61262.90620657285,170.17473946270238,-1.0,-2.7364514735524286
4157,6407a7facafadec71424e457,142000,Piso,Piso con 2 baños en Ruta de la Plata,935 432 140,Ruta de la Plata,Cáceres Capital,6,/es/comprar/vivienda/caceres-capital/ruta-de-la-plata/164238045/d?from=list,3,2,121,No,0,No,No,No,No,No,No,4228,14200.0,252.5,181.5,134.50000000000003,242.0,67.54166666666667,42000,64284.26674351821,178.56740762088393,-1.0,-2.965308891450607
